"country_name","country_code","year","gdp_growth","inflation","unemployment"
Spain,ESP,2000,5.2006,3.4335,13.7850
Spain,ESP,2001,3.9191,3.5898,10.3480
Spain,ESP,2002,2.7555,3.0657,11.1460
Spain,ESP,2003,2.9393,3.0389,11.2830
Spain,ESP,2004,3.1145,3.0392,11.0900
Spain,ESP,2005,3.5512,3.3688,9.1460
Spain,ESP,2006,4.0434,3.5156,8.4520
Spain,ESP,2007,3.5335,2.7868,8.2320
Spain,ESP,2008,0.7672,4.0753,11.2540
Spain,ESP,2009,-3.7681,-0.2878,17.8570
Spain,ESP,2010,0.0941,1.7999,19.8600
Spain,ESP,2011,-0.6399,3.1961,21.3900
Spain,ESP,2012,-2.8651,2.4461,24.7890
Spain,ESP,2013,-1.4273,1.4086,26.0940
Spain,ESP,2014,1.5205,-0.1511,24.4410
Spain,ESP,2015,4.0609,-0.5004,22.0570
Spain,ESP,2016,2.9152,-0.2026,19.6350
Spain,ESP,2017,2.8960,1.9561,17.2240
Spain,ESP,2018,2.3954,1.6750,15.2550
Spain,ESP,2019,1.9612,0.6995,14.1040
Spain,ESP,2020,-10.9401,-0.3228,15.5320
Spain,ESP,2021,6.6831,3.0931,14.9140
Spain,ESP,2022,6.3703,8.3906,13.0330
Spain,ESP,2023,2.4609,3.5324,12.1790
Spain,ESP,2024,3.4553,2.7471,11.4000
Greece,GRC,2000,4.1378,3.1512,11.3450
Greece,GRC,2001,4.6504,3.3740,10.7640
Greece,GRC,2002,4.6831,3.6294,10.3460
Greece,GRC,2003,5.7968,3.5307,9.8390
Greece,GRC,2004,5.3779,2.8988,10.6280
Greece,GRC,2005,1.1835,3.5451,10.0740
Greece,GRC,2006,6.4434,3.1959,8.9060
Greece,GRC,2007,3.5069,2.8950,8.3510
Greece,GRC,2008,0.0575,4.1528,7.6640
Greece,GRC,2009,-4.1193,1.2101,9.5460
Greece,GRC,2010,-5.6937,4.7130,12.7190
Greece,GRC,2011,-9.8768,3.3299,17.9730
Greece,GRC,2012,-8.3311,1.5015,24.7310
Greece,GRC,2013,-2.2721,-0.9213,27.6860
Greece,GRC,2014,0.7922,-1.3123,26.7080
Greece,GRC,2015,-0.2283,-1.7359,24.9810
Greece,GRC,2016,-0.0318,-0.8257,23.5140
Greece,GRC,2017,1.4731,1.1213,21.4130
Greece,GRC,2018,2.0647,0.6256,19.1790
Greece,GRC,2019,2.2772,0.2530,17.0450
Greece,GRC,2020,-9.1962,-1.2480,15.8990
Greece,GRC,2021,8.6545,1.2238,14.6560
Greece,GRC,2022,5.5220,9.6453,12.4260
Greece,GRC,2023,2.1359,3.4648,11.0230
Greece,GRC,2024,2.0866,2.7410,10.0200
Italy,ITA,2000,3.8821,2.5377,10.8340
Italy,ITA,2001,2.0064,2.7852,9.5990
Italy,ITA,2002,0.2699,2.4653,9.2110
Italy,ITA,2003,0.0666,2.6726,8.8690
Italy,ITA,2004,1.4740,2.2067,7.8660
Italy,ITA,2005,0.7624,1.9853,7.7300
Italy,ITA,2006,1.7995,2.0908,6.7770
Italy,ITA,2007,1.4623,1.8297,6.0760
Italy,ITA,2008,-1.0231,3.3478,6.7230
Italy,ITA,2009,-5.3052,0.7748,7.7490
Italy,ITA,2010,1.5291,1.5255,8.3630
Italy,ITA,2011,0.6955,2.7806,8.3590
Italy,ITA,2012,-3.1252,3.0414,10.6550
Italy,ITA,2013,-1.8180,1.2200,12.1490
Italy,ITA,2014,-0.0014,0.2410,12.6830
Italy,ITA,2015,0.8857,0.0388,11.8960
Italy,ITA,2016,1.2362,-0.0940,11.6880
Italy,ITA,2017,1.6037,1.2265,11.2110
Italy,ITA,2018,0.8266,1.1375,10.5380
Italy,ITA,2019,0.4292,0.6112,9.8840
Italy,ITA,2020,-8.8682,-0.1377,9.1920
Italy,ITA,2021,8.9311,1.8738,9.4970
Italy,ITA,2022,4.8212,8.2013,8.0690
Italy,ITA,2023,0.9228,5.6222,7.6270
Italy,ITA,2024,0.7830,0.9824,6.5000
Portugal,PRT,2000,3.8162,2.8530,3.8060
Portugal,PRT,2001,1.9437,4.3699,3.8290
Portugal,PRT,2002,0.7709,3.6003,4.4970
Portugal,PRT,2003,-0.9305,3.2190,6.1320
Portugal,PRT,2004,1.7887,2.3654,6.3190
Portugal,PRT,2005,0.7818,2.2772,7.5820
Portugal,PRT,2006,1.6250,3.1077,7.6490
Portugal,PRT,2007,2.5066,2.4540,7.9650
Portugal,PRT,2008,0.3192,2.5885,7.5530
Portugal,PRT,2009,-3.1221,-0.8355,9.4320
Portugal,PRT,2010,1.7376,1.4026,10.7710
Portugal,PRT,2011,-1.7135,3.6530,12.7150
Portugal,PRT,2012,-4.0509,2.7733,15.5090
Portugal,PRT,2013,-0.9841,0.2744,16.2370
Portugal,PRT,2014,0.7414,-0.2782,13.8800
Portugal,PRT,2015,1.5898,0.4879,12.4050
Portugal,PRT,2016,2.0041,0.6074,11.0580
Portugal,PRT,2017,3.3147,1.3686,8.8780
Portugal,PRT,2018,2.9463,0.9937,6.9660
Portugal,PRT,2019,2.7457,0.3382,6.4220
Portugal,PRT,2020,-8.2046,-0.0124,6.8500
Portugal,PRT,2021,5.5588,1.2657,6.7120
Portugal,PRT,2022,6.9858,7.8327,6.1380
Portugal,PRT,2023,3.1000,4.3113,6.4980
Portugal,PRT,2024,2.2146,2.4161,6.5000
